{
  "0": {
    "precision": 0.6301369863013698,
    "recall": 0.7540983606557377,
    "f1-score": 0.6865671641791045,
    "support": 61.0
  },
  "1": {
    "precision": 0.7115384615384616,
    "recall": 0.578125,
    "f1-score": 0.6379310344827587,
    "support": 64.0
  },
  "accuracy": 0.664,
  "macro avg": {
    "precision": 0.6708377239199157,
    "recall": 0.6661116803278688,
    "f1-score": 0.6622490993309316,
    "support": 125.0
  },
  "weighted avg": {
    "precision": 0.6718145416227608,
    "recall": 0.664,
    "f1-score": 0.6616654657745754,
    "support": 125.0
  }
}