{
  "0": {
    "precision": 0.5795454545454546,
    "recall": 0.8360655737704918,
    "f1-score": 0.6845637583892618,
    "support": 61.0
  },
  "1": {
    "precision": 0.7297297297297297,
    "recall": 0.421875,
    "f1-score": 0.5346534653465347,
    "support": 64.0
  },
  "accuracy": 0.624,
  "macro avg": {
    "precision": 0.6546375921375922,
    "recall": 0.6289702868852459,
    "f1-score": 0.6096086118678983,
    "support": 125.0
  },
  "weighted avg": {
    "precision": 0.6564398034398035,
    "recall": 0.624,
    "f1-score": 0.6078096883513855,
    "support": 125.0
  }
}