{
  "0": {
    "precision": 0.6621621621621622,
    "recall": 0.8032786885245902,
    "f1-score": 0.725925925925926,
    "support": 61.0
  },
  "1": {
    "precision": 0.7647058823529411,
    "recall": 0.609375,
    "f1-score": 0.6782608695652174,
    "support": 64.0
  },
  "accuracy": 0.704,
  "macro avg": {
    "precision": 0.7134340222575517,
    "recall": 0.7063268442622951,
    "f1-score": 0.7020933977455717,
    "support": 125.0
  },
  "weighted avg": {
    "precision": 0.714664546899841,
    "recall": 0.704,
    "f1-score": 0.7015214170692432,
    "support": 125.0
  }
}