{
  "0": {
    "precision": 0.6712328767123288,
    "recall": 0.8032786885245902,
    "f1-score": 0.7313432835820896,
    "support": 61.0
  },
  "1": {
    "precision": 0.7692307692307693,
    "recall": 0.625,
    "f1-score": 0.6896551724137931,
    "support": 64.0
  },
  "accuracy": 0.712,
  "macro avg": {
    "precision": 0.720231822971549,
    "recall": 0.7141393442622951,
    "f1-score": 0.7104992279979414,
    "support": 125.0
  },
  "weighted avg": {
    "precision": 0.7214077976817702,
    "recall": 0.712,
    "f1-score": 0.7099989706639218,
    "support": 125.0
  }
}